challenge,client,createdAt,description,featured,id,imageUrl,results,slug,solution,techStack,title,updatedAt,year
"Build a complete newsletter platform MVP in just 3 months that would allow content creators to easily publish free newsletters while offering premium paid content tiers. The platform needed to handle user management, content creation, email distribution, payment processing, and subscription management.

The tight timeline required building a fully functional SaaS product with both creator and subscriber interfaces, email automation, and monetization features while ensuring scalability for future growth.",partager.io,2025-08-13T08:36:39.470000,"Fast, clean MVP platform helping content creators launch and monetize their newsletters with subscription management.",true,cme9pv3ce0005rsqqp9mcayt9,https://cdn.abacus.ai/images/4c073d89-b1c7-4312-8caa-8551efe55822.png,"Successfully launched the platform within the 3-month timeline, providing creators with a complete newsletter solution from content creation to monetization. The platform supports both free and premium content tiers with automated email delivery and subscription management.

Creators can easily publish newsletters, manage subscribers, track engagement metrics, and generate revenue through premium subscriptions, all within an intuitive interface that requires no technical knowledge.",partager-newsletter-platform,"Developed a comprehensive newsletter platform using Next.js for the frontend and Strapi as a headless CMS for content management. Integrated Mailgun for reliable email delivery and automated newsletter distribution.

Built creator dashboards with analytics, subscriber management, and content scheduling. Implemented tiered subscription models with Stripe integration for payment processing. Created automated email sequences, subscription management, and detailed analytics for creators to track performance and revenue.","Next.js,Strapi,Mailgun,Stripe,PostgreSQL",partager.io,2025-08-13T08:36:39.470000,2022
"Create a website that not only educates and inspires climate action but also practices what it preaches by having minimal environmental impact. The site needed to be extremely fast-loading, resource-efficient, and accessible while containing rich content about climate initiatives and actionable resources.

The challenge was balancing visual appeal and content richness with maximum performance optimization and minimal carbon footprint, while ensuring easy content management for the team.",Climact,2025-08-13T08:36:39.470000,"Fast, lightweight, eco-friendly website designed to inspire climate action with minimal environmental impact.",true,cme9pv3cd0004rsqqd44kynhd,https://cdn.abacus.ai/images/ddf811e2-9d1f-44ed-8865-93671fda72c4.png,"Delivered a website that achieves near-perfect Lighthouse scores across all metrics while maintaining rich, engaging content about climate action. The site loads in under 1 second on most connections and uses 90% less bandwidth than typical content sites.

The project demonstrates how modern web development can align with environmental values without sacrificing user experience or functionality, serving as a model for sustainable web development practices.",climact-eco-website,"I developed a fully optimized static website using Next.js with GraphQL for ultra-fast loading and minimal server resources. Implemented a headless CMS architecture with Strapi for easy content management without compromising performance.

Used advanced optimization techniques including static generation, image optimization, lazy loading, and minimal JavaScript to achieve exceptional performance scores. The site features interactive climate tools and resources while maintaining incredibly low resource consumption.","Next.js,GraphQL,Strapi CMS,Static Generation",Climact,2025-08-13T08:36:39.470000,2023
"Build a comprehensive B2B platform from scratch that would make CSR programs accessible and engaging for companies of all sizes. The challenge was creating a system that could handle complex donation matching, volunteer opportunity curation, impact measurement, and gamification while remaining intuitive for both HR administrators and employees.

The platform needed to support multiple CSR activities including volunteering, donations, and community engagement while providing detailed analytics and reporting for corporate stakeholders.",Alaya (Co-founder),2025-08-13T08:36:39.470000,B2B SaaS platform that makes corporate social responsibility programs easy and engaging for companies and their employees.,true,cme9pv3cd0003rsqqsrjg2hed,https://cdn.abacus.ai/images/2e1127b0-f2ed-486d-8b92-298091afb7b2.png,"Successfully launched and grew the platform over 4 years, serving multiple enterprise clients and facilitating thousands of volunteer hours and donations. The platform's success led to its acquisition, validating the product-market fit and technical architecture.

Key metrics included high employee engagement rates, significant CSR program participation increases for client companies, and measurable community impact through facilitated volunteering and donations.",alaya-csr-platform,"As co-founder, I handled the complete technical development from initial UI/UX design to core platform architecture. I built an admin dashboard for HR teams to manage programs, integrated curated volunteering and donation opportunities, implemented a donation matching system with Stripe integration, and created comprehensive impact measurement and reporting tools.

The platform featured a gamification system with ""solidarity points"" to encourage employee participation and engagement. I also developed API integrations with various nonprofit databases and volunteer platforms to provide diverse opportunities.","React,AWS,Stripe,Node.js,PostgreSQL",Alaya,2025-08-13T08:36:39.470000,2022